"type","C0 [nmol/g biomass]","mean C48 [nmol/g biomass]","stdv C48 [nmol/g biomass]","mean C96 [nmol/g biomass]","stdv C96 [nmol/g biomass]"
"biof_btq Abacavir",0,0.118192270912462,0.0182780915943856,0.0445338546871789,0.028089412370248
"biof_scq Abacavir",0,0.162153818856403,0.0718317809355042,0.129693196619765,0.0409096109674532
"asb_btq Abacavir",0,0.00726809142622684,0.0464000883961188,0.0211531127652791,0.0148306101896415
"asb_scq Abacavir",0.0148049160051346,0.480871954507343,NA,0.290879363612724,0.00668939473518219
"bioaccumulation_biof Abacavir",0,-0.0439615479439411,0.07412080264473,-0.0851593419325862,0.0496247051055642
"bioaccumulation_asb Abacavir",-0.0148049160051346,-0.473603863081116,NA,-0.269726250847445,0.0162694499144926
"biof_btq Acemetacin",0,0.0553116718433209,0.0121002466798952,0,0
"biof_scq Acemetacin",0,0.405942714273711,0.0838092048583726,0.43316407225305,0.0382536042623748
"asb_btq Acemetacin",0,0,0,0,0
"asb_scq Acemetacin",0,0.912891001170969,NA,0.723673180798538,0.0603406982328722
"bioaccumulation_biof Acemetacin",0,-0.350631042430391,0.0846782072832614,-0.43316407225305,0.0382536042623748
"bioaccumulation_asb Acemetacin",0,-0.912891001170969,NA,-0.723673180798538,0.0603406982328722
"biof_btq Albuterol",0,0.121001901244875,0.0506504139010748,0.113174692351885,0.113233348534851
"biof_scq Albuterol",0,0.149672959824883,0.0560800982608339,0.127779189975972,0.125159897432147
"asb_btq Albuterol",0,0.196485974383877,0.073136649574543,0.107217883356777,0.151706218897479
"asb_scq Albuterol",0,0.326435292714881,0.0850565278066238,0.279430099306887,0.0339747733208532
"bioaccumulation_biof Albuterol",0,-0.0286710585800078,0.075567465547648,-0.0146044976240871,0.168780304377142
"bioaccumulation_asb Albuterol",0,-0.129949318331004,0.112176568112545,-0.172212215950109,0.155464021800458
"biof_btq Amisulprid",0,0.581591034287504,0.06243754197429,0.581111591907228,0.0249771142709677
"biof_scq Amisulprid",0,0.511300803667361,0.0468356289139585,0.529874570636399,0.0413460940363376
"asb_btq Amisulprid",0.0151314804680974,0.969539269439287,0.0750491471253786,1.13363269885488,0.0821926303457727
"asb_scq Amisulprid",0.0061558081345217,0.696594053935994,0.0747719404562322,0.640259752796711,0.00732706412849752
"bioaccumulation_biof Amisulprid",0,0.0702902306201426,0.0780514111567322,0.0512370212708292,0.0483048209743774
"bioaccumulation_asb Amisulprid",0.00897567233357572,0.272945215503292,0.105939688331791,0.493372946058168,0.0825185697397861
"biof_btq Amlodipine",0,0.426135190258652,0.148049702153357,0.0465767378378173,0.0896760779924566
"biof_scq Amlodipine",0,0.0903771938767222,0.0844024185480274,0.031000216014537,0.0388478420991999
"asb_btq Amlodipine",0.0417461802889561,0.270695694097633,0.0619823095478266,0.138876008416687,0.0346706362071387
"asb_scq Amlodipine",0.000374930797999397,442.394734659904,NA,1.64054631968038,0.291366563101367
"bioaccumulation_biof Amlodipine",0,0.335757996381929,0.170418551115934,0.0155765218232803,0.0977289813713083
"bioaccumulation_asb Amlodipine",0.0413712494909567,-442.124038965807,NA,-1.5016703112637,0.293422097171482
"biof_btq Apixaban",0.00269934637171553,0.587506553468475,0.0436003099598794,0.485996645060998,0.0278772093502473
"biof_scq Apixaban",0,0.552408529880476,0.104517768322032,0.554738681311655,0.0324409269423731
"asb_btq Apixaban",0.00627168779670286,0.666045026524283,0.0665602226090557,0.648027036307826,0.0680036498497013
"asb_scq Apixaban",0.00482061965845842,0.919280590859193,NA,0.556673585730177,0.0292999587992245
"bioaccumulation_biof Apixaban",0.00269934637171553,0.0350980235879996,0.113247299851323,-0.0687420362506572,0.0427732690127597
"bioaccumulation_asb Apixaban",0.00145106813824444,-0.253235564334909,NA,0.0913534505776493,0.0740471740076354
"biof_btq Apremilast",0,0.142733494556096,0.0422228581820198,0.0228367111369317,0.0323839110035788
"biof_scq Apremilast",0,0.0616985685607979,0.0580123259462127,0.0306794355158453,0.0556435080518639
"asb_btq Apremilast",0,0.516514840585892,0.0678922251954008,0.321935679235119,0.0359692909685715
"asb_scq Apremilast",0,0.470575886805006,NA,0.277638332474729,0.0116961534442651
"bioaccumulation_biof Apremilast",0,0.0810349259952985,0.0717509561939671,-0.00784272437891366,0.0643810350973449
"bioaccumulation_asb Apremilast",0,0.0459389537808857,NA,0.0442973467603903,0.0378231397186108
"biof_btq Benzophenon 3 ( 2-Hydroxy-4-methoxybenzophenon)",0,0.926300897553483,0.203971092797809,0.743731540357829,0.120892025695042
"biof_scq Benzophenon 3 ( 2-Hydroxy-4-methoxybenzophenon)",0,1.63648967620378,0.414152557517203,1.79281798586206,0.462556252930645
"asb_btq Benzophenon 3 ( 2-Hydroxy-4-methoxybenzophenon)",0,0.436475907913927,0.103864561765136,0.0265858239570627,0.0566380875024383
"asb_scq Benzophenon 3 ( 2-Hydroxy-4-methoxybenzophenon)",0.00117256638250175,12.7744900226471,NA,3.61846616239575,2.5571138424947
"bioaccumulation_biof Benzophenon 3 ( 2-Hydroxy-4-methoxybenzophenon)",0,-0.710188778650294,0.461656308951987,-1.04908644550423,0.478093263916037
"bioaccumulation_asb Benzophenon 3 ( 2-Hydroxy-4-methoxybenzophenon)",-0.00117256638250175,-12.3380141147332,NA,-3.59188033843869,2.5577410104297
"biof_btq Bisacodyl",0,0.0264343811035508,0.0183398992630305,0.00434779875577094,0.0366198933802226
"biof_scq Bisacodyl",0,2.80162368199297,1.24100462554874,1.11163112200429,0.313047242314394
"asb_btq Bisacodyl",0.0157036222317738,0.0485444793227977,0.212176537047734,0.128875701093508,0.393725087350631
"asb_scq Bisacodyl",0,2.32130724918584,NA,1.52716040592977,0.0825837527519862
"bioaccumulation_biof Bisacodyl",0,-2.77518930088942,1.24114013412602,-1.10728332324852,0.315181840390314
"bioaccumulation_asb Bisacodyl",0.0157036222317738,-2.27276276986304,NA,-1.39828470483626,0.402292829451214
"biof_btq Bupropion",0.0778004230598621,0.908748168571303,0.093189344786313,0.995871643736038,0.101722525722093
"biof_scq Bupropion",0.031822799557117,0.467218225416488,0.161526975100856,0.205256393509346,0.0527222366538211
"asb_btq Bupropion",0,0.633556661941242,0.113211474583118,1.53773816095222,0.210285698118895
"asb_scq Bupropion",0,0.543953964054334,NA,0.38497853035091,0.0820901938001753
"bioaccumulation_biof Bupropion",0.0459776235027451,0.441529943154815,0.186481145607096,0.790615250226692,0.114573585424666
"bioaccumulation_asb Bupropion",0,0.0896026978869073,NA,1.15275963060131,0.225740724618978
"biof_btq Chlorotoluron",0,0.268144668854,0.0864439682483082,0.287392310731992,0.0565077434616117
"biof_scq Chlorotoluron",0,0.260708004089668,0.0222990996539207,0.213062626643338,0.0438358753923035
"asb_btq Chlorotoluron",0,0.648672603101285,0.128989221731495,0.578870630288743,0.14055774902361
"asb_scq Chlorotoluron",0,0.491290183935678,0.143233383018941,0.451367871649091,0.028716358435606
"bioaccumulation_biof Chlorotoluron",0,0.00743666476433202,0.0892737895011184,0.0743296840886532,0.0715171940342523
"bioaccumulation_asb Chlorotoluron",0,0.157382419165607,0.192753784227308,0.127502758639652,0.143461179600568
"biof_btq Clomipramine",0,1.40255918494757,0.72626260427737,0.287604854872107,0.0811127313840573
"biof_scq Clomipramine",0,0.531796744230147,0.17443125617292,0.248374968065305,0.0744671667846576
"asb_btq Clomipramine",0.0216845225282168,2.01754485760727,0.279683575603595,2.94016526815208,1.0215255879763
"asb_scq Clomipramine",0,4.08590362338695,NA,2.76991941944328,1.49591687289105
"bioaccumulation_biof Clomipramine",0,0.870762440717427,0.746916081967586,0.0392298868068019,0.11011191634658
"bioaccumulation_asb Clomipramine",0.0216845225282168,-2.06835876577968,NA,0.1702458487088,1.81143087571413
"biof_btq Codein",0,0.254796348368595,0.0714406734277682,0.269121793297544,0.0482736489256293
"biof_scq Codein",0,0.22635215445022,0.0530212144611121,0.226401052828415,0.056698722551242
"asb_btq Codein",0.00848617577808485,0.171109103967052,0.050005057536761,0.0747825257690507,0.0739241958586873
"asb_scq Codein",0,0.536965791455371,0.0973280670887937,0.36023902325284,0.00414470342336102
"bioaccumulation_biof Codein",0,0.0284441939183755,0.0889663925465357,0.0427207404691287,0.0744653632203431
"bioaccumulation_asb Codein",0.00848617577808485,-0.36585668748832,0.109422385381125,-0.28545649748379,0.0740402951089553
"biof_btq Cyclophosphamid",0,0.0676935889365587,0.068872151882373,0.0441342663871599,0.0700069304624273
"biof_scq Cyclophosphamid",0,0.115687770335297,0.0261544471725262,0.0700335581000284,0.0309854503828526
"asb_btq Cyclophosphamid",0,0.317690809978694,0.0754439335531693,0.226861439227547,0.100245766937376
"asb_scq Cyclophosphamid",0,0.194890404614844,0.106362890373306,0.134512483981314,0.0498702701471704
"bioaccumulation_biof Cyclophosphamid",0,-0.0479941813987382,0.0736710826023964,-0.0258992917128685,0.0765576152201683
"bioaccumulation_asb Cyclophosphamid",0,0.12280040536385,0.130402651654554,0.0923489552462337,0.11196543052842
"biof_btq Darunavir",0,0.335503995448991,0.0744343472362093,0.369655110701165,0.220217312360849
"biof_scq Darunavir",0,0.442486218714635,0.22995467666259,0.419740396788559,0.106607374438454
"asb_btq Darunavir",0,0.747568731845481,0.0715141259249535,0.63732107781277,0.0778174834291195
"asb_scq Darunavir",0,0.617471384384101,0.0678797768368365,0.553041494651385,0.00138823990066791
"bioaccumulation_biof Darunavir",0,-0.106982223265644,0.241701521235339,-0.0500852860873942,0.244664662238127
"bioaccumulation_asb Darunavir",0,0.13009734746138,0.0985998697272407,0.0842795831613854,0.0778298653298532
"biof_btq Dexlansoprazole",0,0.186536294045403,0.012111297847075,0.088165204052955,0.021992584585139
"biof_scq Dexlansoprazole",0,0.246815433492496,0.0953653596362949,0.150851199464561,0.0168591495022117
"asb_btq Dexlansoprazole",0,0.623607558173487,0.0916006578080714,0.530334039137952,0.033357108674361
"asb_scq Dexlansoprazole",0,0.754680437821729,NA,0.370873325513523,0.0463989739374522
"bioaccumulation_biof Dexlansoprazole",0,-0.0602791394470926,0.096131344285308,-0.0626859954116062,0.0277110934225342
"bioaccumulation_asb Dexlansoprazole",0,-0.131072879648242,NA,0.159460713624429,0.057145091491409
"biof_btq Dextromethorphan",0,1.53450373548187,0.431305085258158,0.861558441135656,0.183201636140234
"biof_scq Dextromethorphan",0,0.705567055392277,0.151892137217018,0.575950607977038,0.0727894641215507
"asb_btq Dextromethorphan",0,1.9080308267936,0.2872557019041,3.1244395964038,0.715204571188223
"asb_scq Dextromethorphan",0,2.07369421079138,NA,1.48227897624933,0.204268626638711
"bioaccumulation_biof Dextromethorphan",0,0.828936680089591,0.457269393156704,0.285607833158618,0.197132304738623
"bioaccumulation_asb Dextromethorphan",0,-0.165663383997772,NA,1.64216062015447,0.743803233709961
"biof_btq Diclofenac",0,0.187950642547128,0.0614588887971624,0.198360024042288,0.0634700040723251
"biof_scq Diclofenac",0,0.325729458041168,0.0451135626014602,0.439383409908407,0.0680550931146801
"asb_btq Diclofenac",0.381538226460053,1.20091112549997,0.104932041997256,0.808588720220246,0.176885458179569
"asb_scq Diclofenac",0.187861224897245,0.696214846357513,0.151629759439699,0.591242007861164,0.0285794336609874
"bioaccumulation_biof Diclofenac",0,-0.137778815494039,0.0762392847735198,-0.241023385866119,0.0930587831200728
"bioaccumulation_asb Diclofenac",0.193677001562808,0.504696279142454,0.184397172932382,0.217346712359082,0.179179377562762
"biof_btq Diltiazem",0.00255218100948103,0.710794348574891,0.103283358891725,0.356320150156754,0.0507610212704577
"biof_scq Diltiazem",0,0.438132474979016,0.0980525029329064,0.419205287772841,0.0452771955633431
"asb_btq Diltiazem",0,0.0060514643489973,0.0280444408161691,0.0137237112611577,0.0126267075134682
"asb_scq Diltiazem",0.00277027536588298,1.96195173966538,NA,1.18257020255132,0.131154922827248
"bioaccumulation_biof Diltiazem",0.00255218100948103,0.272661873595875,0.14241399353773,-0.0628851376160874,0.0680198920794577
"bioaccumulation_asb Diltiazem",-0.00277027536588298,-1.95590027531638,NA,-1.16884649129016,0.131761327879055
"biof_btq Diosmin",0.299608225120391,0.118595090910507,0.087880091312533,0.126511185886354,0.178925683851587
"biof_scq Diosmin",0.0232361547013013,0.264920062276443,0.239636885956393,0.171745426946477,0.171941271823103
"asb_btq Diosmin",1.4038621645201,1.54504396594591,0.718873664123157,1.81241689888662,1.53632629487286
"asb_scq Diosmin",1.2400611687897,2.57030441116609,NA,0.805709715323097,0.501224893199157
"bioaccumulation_biof Diosmin",0.27637207041909,-0.146324971365936,0.255242526942468,-0.0452342410601228,0.248149554297211
"bioaccumulation_asb Diosmin",0.163800995730396,-1.02526044522018,NA,1.00670718356352,1.61602131108481
"biof_btq Edoxaban",0,0.919811747759316,0.0867070989607138,0.580172933500431,0.0386991013548436
"biof_scq Edoxaban",0,0.241857371445504,0.0900575502583367,0.383386771618324,0.0519926308440478
"asb_btq Edoxaban",0,0.781021241823227,0.133214669827733,0.697554792540778,0.0485559491419147
"asb_scq Edoxaban",0,0.712761454482793,NA,0.419646792316122,0.0266589652640394
"bioaccumulation_biof Edoxaban",0,0.677954376313812,0.125013932698383,0.196786161882107,0.0648139962335134
"bioaccumulation_asb Edoxaban",0,0.0682597873404338,NA,0.277908000224657,0.0553929654922127
"biof_btq Elvitegravir",0,2.57678298259954,1.0528136781001,1.17736527275064,0.465767440104506
"biof_scq Elvitegravir",0,4.7311647512301,4.32081243868241,1.5950523611587,0.32661865068824
"asb_btq Elvitegravir",0.505419158161877,1.2828610428659,0.264954020067833,5.53176721212118,2.89607849417172
"asb_scq Elvitegravir",0.403802235290114,6.26675803420763,NA,1.15166125300673,0.16210417117838
"bioaccumulation_biof Elvitegravir",0,-2.15438176863056,4.44722798730482,-0.417687088408066,0.568875251033925
"bioaccumulation_asb Elvitegravir",0.101616922871763,-4.98389699134173,NA,4.38010595911445,2.90061172974209
"biof_btq Emtricitabine",0,0.101285664805785,0.0458347289914419,0.0559139987302769,0.0309578999670231
"biof_scq Emtricitabine",0,0.127685621045368,0.0150367803880017,0.091742344878917,0.0426113296478725
"asb_btq Emtricitabine",0,0.22584327834754,0.0684468944216756,0.0285031470368901,0.0863633642865586
"asb_scq Emtricitabine",0,0.236053341827737,0.100084633874177,0.162840946922728,0.0245131529683385
"bioaccumulation_biof Emtricitabine",0,-0.0263999562395825,0.0482382332404071,-0.0358283461486402,0.0526698868873654
"bioaccumulation_asb Emtricitabine",0,-0.010210063480197,0.121251438316005,-0.134337799885838,0.0897748592833316
"biof_btq Entacapone",0,0.333857140982061,0.063268560924408,0.106300278900624,0.0382636154950379
"biof_scq Entacapone",0,3.29748499508719,1.8049542039033,3.29095211981799,3.25480520769687
"asb_btq Entacapone",0,0.714030662948072,0.139146379377627,0.809875157320975,0.075831014741686
"asb_scq Entacapone",0,3.07478544095525,NA,1.4114262465179,0.378600741402398
"bioaccumulation_biof Entacapone",0,-2.96362785410513,1.80606273118894,-3.18465184091736,3.25503011419579
"bioaccumulation_asb Entacapone",0,-2.36075477800718,NA,-0.601551089196927,0.386120271660527
"biof_btq Enzalutamide",0,0.441759155870267,0.0433349134984198,0.374469457094718,0.0527079903882137
"biof_scq Enzalutamide",0,0.620583952076905,0.147998236254559,0.539301902631898,0.0346486201053544
"asb_btq Enzalutamide",0,1.72000940400279,0.245603780507134,1.65879551556602,0.142587548222158
"asb_scq Enzalutamide",0,1.60883554283506,NA,1.80448828267342,0.413903615670667
"bioaccumulation_biof Enzalutamide",0,-0.178824796206638,0.154212167685873,-0.16483244553718,0.0630766131459925
"bioaccumulation_asb Enzalutamide",0,0.111173861167734,NA,-0.145692767107404,0.437775526923625
"biof_btq Etodolac",0,0.0757098269280063,0.0620461294213141,0.0485633659259133,0.0193710396887546
"biof_scq Etodolac",0,0.180579323132138,0.0407836042548737,0.15311570295119,0.0369434362979779
"asb_btq Etodolac",0,0.567435376648222,0.0709664107450365,0.352060398955259,0.0665866420895467
"asb_scq Etodolac",0,0.360606992377068,0.0972183877437129,0.2640744382601,0.0259733591786215
"bioaccumulation_biof Etodolac",0,-0.104869496204132,0.0742497444587159,-0.104552337025277,0.0417139624601411
"bioaccumulation_asb Etodolac",0,0.206828384271154,0.120364639199061,0.0879859606951591,0.0714730459109102
"biof_btq Febuxostat",0,0.359486506773966,0.0332144143099085,0.365746074662005,0.0530642239399966
"biof_scq Febuxostat",0,0.503286709277143,0.11057567018002,0.696889761619604,0.0565235166086696
"asb_btq Febuxostat",0.118868710555907,1.94429221092685,0.308203114319529,1.34985204051954,0.12271013274705
"asb_scq Febuxostat",0.0131481354131587,1.23167980700942,NA,1.20133046678987,0.152201555597972
"bioaccumulation_biof Febuxostat",0,-0.143800202503177,0.115456382039759,-0.331143686957599,0.0775288320056781
"bioaccumulation_asb Febuxostat",0.105720575142748,0.712612403917425,NA,0.148521573729667,0.195507263817079
"biof_btq Fenfluramine",0,0.629925917159611,0.0822422202406751,0.735083682410705,0.0288967563446199
"biof_scq Fenfluramine",0,0.282105194686275,0.13644024464523,0.205955256341213,0.014490045538477
"asb_btq Fenfluramine",0,1.04207775680788,0.16219757772174,1.6718326157934,0.263565011220393
"asb_scq Fenfluramine",0,0.924830476966407,NA,0.701723707601178,0.15276168910673
"bioaccumulation_biof Fenfluramine",0,0.347820722473336,0.159310147664755,0.529128426069492,0.0323262114536712
"bioaccumulation_asb Fenfluramine",0,0.117247279841472,NA,0.970108908192225,0.304635271756813
"biof_btq Gliclazide",0,0.0414965116340876,0.0273412737848834,0.00594939749267989,0.0352302118271031
"biof_scq Gliclazide",0,0.0833400747619014,0.0598826613561661,0.0481342702576781,0.02497052825842
"asb_btq Gliclazide",0,0.343281802945731,0.0635259996232476,0.228269533050126,0.0248100612408227
"asb_scq Gliclazide",0,0.378979335936325,NA,0.244054140901877,0.0454600963883633
"bioaccumulation_biof Gliclazide",0,-0.0418435631278138,0.0658291605846316,-0.0421848727649982,0.0431821155906829
"bioaccumulation_asb Gliclazide",0,-0.0356975329905934,NA,-0.0157846078517506,0.0517895694364479
"biof_btq Icaridin",0.00349734209411959,0.105347384130227,0.0163462828794285,0.0574905302202851,0.0268374643628009
"biof_scq Icaridin",0.00394586148475694,0.185328836957865,0.0855107659250087,0.0649895957652692,0.0238541958324483
"asb_btq Icaridin",0,0.0137647545305675,0.0279600440351445,0.0183975564588262,0.0240605768287064
"asb_scq Icaridin",0.0421083195890459,0.502789505396207,NA,0.210698602747433,0.0222466366883193
"bioaccumulation_biof Icaridin",-0.00044851939063735,-0.0799814528276379,0.0870591296364484,-0.00749906554498402,0.0359064360837636
"bioaccumulation_asb Icaridin",-0.0421083195890459,-0.489024750865639,NA,-0.192301046288607,0.0327692569533116
"biof_btq Ifosfamid",0.00945081293899271,0.0936524834584992,0.0180811626546798,0.0652968947001064,0.0254745047223527
"biof_scq Ifosfamid",0,0.142401082502057,0.047825151658468,0.0720597224751673,0.0391265666128333
"asb_btq Ifosfamid",0,0.264797717146729,0.0355184469350921,0.183576139429011,0.0306228563054196
"asb_scq Ifosfamid",0,0.483363869422952,NA,0.191808699539636,0.0202887385114991
"bioaccumulation_biof Ifosfamid",0.00945081293899271,-0.0487485990435575,0.0511289895665898,-0.00676282777506086,0.0466887417452822
"bioaccumulation_asb Ifosfamid",0,-0.218566152276223,NA,-0.00823256011062481,0.0367340746268415
"biof_btq Isoproturon",0,0.265300728341334,0.0711449604549156,0.293087013971481,0.0150351567557069
"biof_scq Isoproturon",0,0.200462771201711,0.0239931995732094,0.147660348790361,0.0236179088445063
"asb_btq Isoproturon",0,0.51431109139486,0.0809057703675015,0.367434928016626,0.13023902130736
"asb_scq Isoproturon",0,0.441692739075014,0.0896664004836208,0.344636085668253,0.032198209559772
"bioaccumulation_biof Isoproturon",0,0.0648379571396235,0.075081815534065,0.14542666518112,0.0279975276918532
"bioaccumulation_asb Isoproturon",0,0.0726183523198461,0.12077171462908,0.022798842348373,0.13416008113427
"biof_btq Ketamin",0,0.213044941664258,0.0698603149868448,0.376443462007822,0.092618027506909
"biof_scq Ketamin",0,0.190348279798951,0.0494331777496925,0.141777935258137,0.0602924619243467
"asb_btq Ketamin",0,0.605354658768589,0.0617666559420719,1.26589759496556,0.0769530315876094
"asb_scq Ketamin",0,0.375212583931625,0.0629723916217211,0.299396180760838,0.0123642901426232
"bioaccumulation_biof Ketamin",0,0.0226966618653071,0.0855809714392976,0.234665526749685,0.110513709485156
"bioaccumulation_asb Ketamin",0,0.230142074836964,0.0882079468802312,0.966501414204723,0.077940007321366
"biof_btq Levamisol",0,0.555317287855218,0.0773498473168131,0.736623025783886,0.0254334445358959
"biof_scq Levamisol",0,0.526789346742939,0.0966117526926259,0.4605100401849,0.0401820632587448
"asb_btq Levamisol",0,1.15085490900366,0.169658865873407,2.2887154995094,0.331639932527841
"asb_scq Levamisol",0.000971867703775039,1.10290742575457,NA,0.636738124364453,0.0659934825739586
"bioaccumulation_biof Levamisol",0,0.0285279411122783,0.123761179851662,0.276112985598986,0.0475547926994773
"bioaccumulation_asb Levamisol",-0.000971867703775039,0.0479474832490929,NA,1.65197737514495,0.338142254959817
"biof_btq Losartan",0,0.180892613628461,0.0362088790443566,0.154951286557334,0.107145242878483
"biof_scq Losartan",0,0.30921095348392,0.059390259638004,0.329626304662233,0.0981937368742156
"asb_btq Losartan",0.137071346966898,0.86411647425041,0.101418933209894,0.65760404288256,0.0737648302822901
"asb_scq Losartan",0.0396549497298636,0.596750594018253,0.0860501382137763,0.497845734477443,0.0119412325585586
"bioaccumulation_biof Losartan",0,-0.128318339855459,0.0695577879285876,-0.1746750181049,0.145334486729103
"bioaccumulation_asb Losartan",0.0974163972370344,0.267365880232157,0.133005361922153,0.159758308405117,0.0747251177422468
"biof_btq Metoclopramid",0,0.607616213596487,0.0817946290648113,0.553975779089938,0.0861681347227158
"biof_scq Metoclopramid",0,0.492088716288892,0.160069342981393,0.568606287767946,0.101580445422617
"asb_btq Metoclopramid",0,1.04730963424084,0.11272710607644,1.35093375788885,0.200925224531379
"asb_scq Metoclopramid",0,1.52237606501604,NA,1.17027595714363,0.181528263742196
"bioaccumulation_biof Metoclopramid",0,0.115527497307595,0.179756935627933,-0.0146305086780087,0.133204858521937
"bioaccumulation_asb Metoclopramid",0,-0.475066430775203,NA,0.180657800745212,0.270783043025669
"biof_btq Metoxuron",0.00533809212851522,0.169062074634988,0.0339692929769392,0.226432632922857,0.102121728409528
"biof_scq Metoxuron",0,0.17482286977247,0.0217187765502307,0.139147247974552,0.0518541272803006
"asb_btq Metoxuron",0,0.421117593356335,0.103722168112968,0.313220166111664,0.100120176331855
"asb_scq Metoxuron",0,0.381025523531387,0.100826709553189,0.266269565283662,0.0276251165421744
"bioaccumulation_biof Metoxuron",0.00533809212851522,-0.00576079513748159,0.0403189548499459,0.0872853849483044,0.11453251909109
"bioaccumulation_asb Metoxuron",0,0.0400920698249479,0.144652388564371,0.0469506008280028,0.103861430630868
"biof_btq Mexiletine",0,0.415353757794202,0.0710189767792697,0.377434608291269,0.0387134515914713
"biof_scq Mexiletine",0,0.386632196656212,0.073925568021937,0.247200308798548,0.0185852258774979
"asb_btq Mexiletine",0,0.527677991828928,0.0832252438187035,0.768091782836788,0.0870124995612763
"asb_scq Mexiletine",0,0.802212334364329,NA,0.637251258425568,0.0986790986874411
"bioaccumulation_biof Mexiletine",0,0.0287215611379897,0.102511875751741,0.130234299492721,0.0429434739517288
"bioaccumulation_asb Mexiletine",0,-0.2745343425354,NA,0.13084052441122,0.13156268315015
"biof_btq Mirabegron",0,0.721286554966579,0.0761034813616775,0.218988581031399,0.0406942323355856
"biof_scq Mirabegron",0,0.976771641441013,0.272045624150991,1.3704924050605,0.244605059600585
"asb_btq Mirabegron",0,0.0637805543497573,0.0757394132492702,0.0114550315149451,0.0265369922376624
"asb_scq Mirabegron",0,2.69291188679253,NA,1.6155986599464,0.395688385368504
"bioaccumulation_biof Mirabegron",0,-0.255485086474434,0.282489931670262,-1.1515038240291,0.247967045648385
"bioaccumulation_asb Mirabegron",0,-2.62913133244277,NA,-1.60414362843146,0.396577243765392
"biof_btq Moclobemid",0,0.180688614349782,0.0082541690287268,0.174876565603381,0.0463542032266218
"biof_scq Moclobemid",0.00207592964908119,0.2375484779166,0.0892270581587035,0.16885776255869,0.0118977293866286
"asb_btq Moclobemid",0,0.617683992530838,0.0787046977762949,0.479808971153961,0.027233092742199
"asb_scq Moclobemid",0,0.429817122234126,NA,0.30977187371199,0.0342612483035029
"bioaccumulation_biof Moclobemid",-0.00207592964908119,-0.0568598635668183,0.0896080309682757,0.00601880304469188,0.0478567458289049
"bioaccumulation_asb Moclobemid",0,0.187866870296712,NA,0.170037097441971,0.0437661338893384
"biof_btq Monuron",0,0.134717895374125,0.0118867283896151,0.106961140050375,0.0244129925672552
"biof_scq Monuron",0,0.147216566571342,0.0997137450870781,0.105031004903189,0.0338239065991964
"asb_btq Monuron",0,0.42270259504234,0.046474698147122,0.327601927587793,0.0202666528404824
"asb_scq Monuron",0,0.640315457308302,NA,0.237283029098635,0.0212893965410779
"bioaccumulation_biof Monuron",0,-0.0124986711972171,0.10041974542439,0.0019301351471856,0.0417139169069511
"bioaccumulation_asb Monuron",0,-0.217612862265963,NA,0.0903188984891585,0.0293934622397549
"biof_btq Morphin",0,0.0585329230742765,0.0784000585499367,0.0160262562791591,0.0380800831168048
"biof_scq Morphin",0,0.215477070570861,0.0601108159015021,0.201992385105018,0.0886418884393597
"asb_btq Morphin",0,0.0569139569998989,0.0895000056951373,0.0360691664478807,0.108991567613528
"asb_scq Morphin",0,0.487544106234552,0.0764450702010654,0.418477436881669,0.0141437550757134
"bioaccumulation_biof Morphin",0,-0.156944147496584,0.0987921017540257,-0.185966128825859,0.0964752668629564
"bioaccumulation_asb Morphin",0,-0.430630149234653,0.117703439955999,-0.382408270433788,0.109905448538714
"biof_btq Mycophenolsaeure",0,0.0579856042598745,0.0249841468345895,0.0103828541372568,0.036517441847969
"biof_scq Mycophenolsaeure",0.0192780177898637,0.114976422463221,0.0374954452080557,0.0887765799440503,0.0517396286722875
"asb_btq Mycophenolsaeure",0,0,0,0.00980791974246286,0.0153728041156063
"asb_scq Mycophenolsaeure",0,0.477098133486925,NA,0.174077682633139,0.0906813307599886
"bioaccumulation_biof Mycophenolsaeure",-0.0192780177898637,-0.0569908182033469,0.0450568086353509,-0.0783937258067936,0.0633286091294132
"bioaccumulation_asb Mycophenolsaeure",0,-0.477098133486925,NA,-0.164269762890676,0.0919751425917854
"biof_btq Naloxone",0,0.15105355100472,0.0388183992450095,0.0535272883188414,0.0123787227062766
"biof_scq Naloxone",0,0.230012844686159,0.0670580323389321,0.190881126412545,0.0195191248828446
"asb_btq Naloxone",0,0.196919671947375,0.0483001399090786,0.0508044075094512,0.0069260209936
"asb_scq Naloxone",0.000224228536321078,0.489809518138041,NA,0.378472090224913,0.0349107074211041
"bioaccumulation_biof Naloxone",0,-0.0789592936814388,0.0774832099303728,-0.137353838093704,0.0231133946453343
"bioaccumulation_asb Naloxone",-0.000224228536321078,-0.292889846190666,NA,-0.327667682715461,0.0355911120849815
"biof_btq Neohesperidin dihydrochalcon",0,0.0041527528591949,0.0230910670262502,0,0
"biof_scq Neohesperidin dihydrochalcon",0,0,0,0,0
"asb_btq Neohesperidin dihydrochalcon",0,0,0,0.00114218869035473,0.0112098062273381
"asb_scq Neohesperidin dihydrochalcon",0,0.566072853744758,NA,0.393360725324227,0.0263646123829402
"bioaccumulation_biof Neohesperidin dihydrochalcon",0,0.0041527528591949,0.0230910670262502,0,0
"bioaccumulation_asb Neohesperidin dihydrochalcon",0,-0.566072853744758,NA,-0.392218536633873,0.028648779062242
"biof_btq Neotam",0,0,0.0743326008960372,0,0.0525641939479133
"biof_scq Neotam",0,0.118814362078835,0.00877481393741983,0.0528972805558452,0.0339992175012766
"asb_btq Neotam",0,0,0.0945041033576524,0,0.0946206248739401
"asb_scq Neotam",0,0.229848871415861,0.0963791673741243,0.155355200943687,0.0227400973654103
"bioaccumulation_biof Neotam",0,-0.118814362078835,0.0748487335604677,-0.0528972805558452,0.0626014478753723
"bioaccumulation_asb Neotam",0,-0.229848871415861,0.134981367066582,-0.155355200943687,0.0973148225077929
"biof_btq Olmesartan",0,0.0760742690635052,0.022626781065587,0.0180775461598482,0.0465939360604285
"biof_scq Olmesartan",0,0.122967359080104,0.0439929090298655,0.111590041989983,0.0613303476613003
"asb_btq Olmesartan",0,0.283290197789961,0.0708645551249727,0.195206385178038,0.0320899416905094
"asb_scq Olmesartan",0,0.435656256252778,NA,0.149451153535349,0.0268567186797017
"bioaccumulation_biof Olmesartan",0,-0.046893090016599,0.0494706707686487,-0.0935124958301349,0.0770221164462472
"bioaccumulation_asb Olmesartan",0,-0.152366058462817,NA,0.0457552316426895,0.0418455218146569
"biof_btq Pantoprazol",0,0.174993109325507,0.05491379929301,0.156250372504497,0.0519746105526844
"biof_scq Pantoprazol",0,0.223439913262975,0.0183672662277069,0.208832562242514,0.0504365066655219
"asb_btq Pantoprazol",0.0254998441724093,0.602853441718404,0.0854873695066696,0.552305445761024,0.0760881947080099
"asb_scq Pantoprazol",0,0.498154706235361,0.100471671714384,0.41920125821532,0.0050161634162197
"bioaccumulation_biof Pantoprazol",0,-0.0484468039374679,0.0579040743080524,-0.0525821897380165,0.072423762307163
"bioaccumulation_asb Pantoprazol",0.0254998441724093,0.104698735483043,0.131919093243749,0.133104187545704,0.0762533623477827
"biof_btq Pirfenidone",0,0.0751466465879031,0.0167120883907045,0.0458253799644465,0.0288020090871924
"biof_scq Pirfenidone",0,0.154846612946872,0.060534729440838,0.158468092864078,0.0641881131389063
"asb_btq Pirfenidone",0,0.319798556382576,0.0196338805520846,0.211204142562813,0.0173354895849918
"asb_scq Pirfenidone",0,0.442919784653554,NA,0.280946419743625,0.0639697888662283
"bioaccumulation_biof Pirfenidone",0,-0.0796999663589689,0.0627992624706228,-0.112642712899631,0.0703538882777046
"bioaccumulation_asb Pirfenidone",0,-0.123121228270978,NA,-0.0697422771808124,0.0662770932279109
"biof_btq Pravastatin",0,0.069673805458673,0.0521783381411264,0.036862433786694,0.0409706081678075
"biof_scq Pravastatin",0,0.152887678914301,0.0280897275137108,0.113552378470485,0.0389182082050441
"asb_btq Pravastatin",0,0.0217141389324895,0.109822685204127,0.0446785121028176,0.102678499018456
"asb_scq Pravastatin",0,0.25358368967177,0.112366355889669,0.165916435922682,0.0386818686014812
"bioaccumulation_biof Pravastatin",0,-0.0832138734556279,0.0592588538782539,-0.0766899446837911,0.0565085627452263
"bioaccumulation_asb Pravastatin",0,-0.231869550739281,0.157121672984246,-0.121237923819865,0.109723111144304
"biof_btq Primidon",0,0.0621670115448709,0.0608080751260755,0.0265838478091517,0.073614299437655
"biof_scq Primidon",0,0.124540615419884,0.0715882114697838,0.0768435628736862,0.0584523165763137
"asb_btq Primidon",0,0.391313737109558,0.0767701714577677,0.301657505356052,0.08666346191412
"asb_scq Primidon",0,0.303995563569268,0.096329126177136,0.189438625083813,0.0286913094852157
"bioaccumulation_biof Primidon",0,-0.0623736038750135,0.0939281322181003,-0.0502597150645345,0.0939986084728616
"bioaccumulation_asb Primidon",0,0.08731817354029,0.123178568654233,0.112218880272239,0.0912893579280551
"biof_btq Propranolol",0.00193862353126812,2.10367490245622,0.458295730519792,0.912669586412954,0.115431181742658
"biof_scq Propranolol",0,0.714449902702193,0.14682154998369,0.783983695213381,0.103690180148373
"asb_btq Propranolol",0.0440957519014635,1.73082648415177,0.373608042581385,2.23707717827117,0.413639509802164
"asb_scq Propranolol",0.0499794499730501,1.56582774140868,NA,2.45629274272897,0.282480852482396
"bioaccumulation_biof Propranolol",0.00193862353126812,1.38922499975402,0.481239591214483,0.128685891199573,0.155164464932241
"bioaccumulation_asb Propranolol",-0.00588369807158654,0.164998742743097,NA,-0.219215564457803,0.500892279925091
"biof_btq Pseudoephedrine",0.0167911054867779,0.232188831103591,0.0626754972161452,0.244586046665597,0.034045887860086
"biof_scq Pseudoephedrine",0,0.308005473225377,0.076640538262104,0.145520699985015,0.00937191032408281
"asb_btq Pseudoephedrine",0,0.823029221936767,0.0977729066462729,0.188208602531077,0.0219770302376339
"asb_scq Pseudoephedrine",0.00467806597516603,0.591899987858922,NA,0.302676510894639,0.0473063748764669
"bioaccumulation_biof Pseudoephedrine",0.0167911054867779,-0.0758166421217866,0.0990050001585579,0.0990653466805815,0.0353122525945911
"bioaccumulation_asb Pseudoephedrine",-0.00467806597516603,0.231129234077845,NA,-0.114467908363561,0.0521620835666932
"biof_btq Rivaroxaban",0,0.348063654742478,0.0318850165883824,0.245752271704445,0.0199389629050265
"biof_scq Rivaroxaban",0,0.362573766887289,0.0947046844201911,0.345029116999178,0.0414566613533467
"asb_btq Rivaroxaban",0,0.567349297659036,0.0780379584297889,0.411225161536452,0.0333643388145634
"asb_scq Rivaroxaban",0,1.02420170946497,NA,0.67474719251416,0.01434492616554
"bioaccumulation_biof Rivaroxaban",0,-0.0145101121448113,0.0999281318446883,-0.0992768452947325,0.0460023587688076
"bioaccumulation_asb Rivaroxaban",0,-0.456852411805937,NA,-0.263522030977708,0.0363174339846275
"biof_btq Sacubitril",0,0.119499655570088,0.031846710305059,0.093862354430465,0.0568990158885314
"biof_scq Sacubitril",0,0.183706309787767,0.0783574708080867,0.143528776574031,0.0426525012083145
"asb_btq Sacubitril",0,0,0,0.000369891967588955,0.00503037386473279
"asb_scq Sacubitril",0,0.520071147854073,NA,0.288381119178899,0.013155206195534
"bioaccumulation_biof Sacubitril",0,-0.0642066542176791,0.0845819495441817,-0.0496664221435665,0.0711107155667036
"bioaccumulation_asb Sacubitril",0,-0.520071147854073,NA,-0.28801122721131,0.0140841794672605
"biof_btq Sertraline",0,1.17558584371842,0.439397434495126,0.314371778542667,0.132613518176237
"biof_scq Sertraline",0,0.361849549973853,0.0887488224965072,0.173589585019441,0.0327006879124051
"asb_btq Sertraline",0.922978300461692,1.02951444273397,0.238095015747222,4.38909245659367,3.38078342315021
"asb_scq Sertraline",0.577532030615365,4.51367380216151,NA,1.80135668646538,0.608239045664024
"bioaccumulation_biof Sertraline",0,0.813736293744565,0.448270519815228,0.140782193523226,0.136585797918465
"bioaccumulation_asb Sertraline",0.345446269846327,-3.48415935942754,NA,2.58773577012829,3.43506205051926
"biof_btq Sulfasalazine",0,1.17999738906164,0.197470850902117,1.54292771458607,0.322167160728324
"biof_scq Sulfasalazine",0,0.525276087154235,0.118084497410428,0.670631744891828,0.057455784901984
"asb_btq Sulfasalazine",0,2.15604937530808,0.52552467773846,3.64924705846172,0.427052125757624
"asb_scq Sulfasalazine",0,3.530006187069,NA,2.50238137017888,0.583922408721199
"bioaccumulation_biof Sulfasalazine",0,0.654721301907402,0.230084083510093,0.872295969694242,0.327250434179166
"bioaccumulation_asb Sulfasalazine",0,-1.37395681176093,NA,1.14686568828284,0.723421659560227
"biof_btq Tolperison",0,0.849964549662706,0.148112080832966,0.477282168350479,0.0312476040390819
"biof_scq Tolperison",0,0.606088096402722,0.14278659508637,0.447419438492723,0.0436434274157204
"asb_btq Tolperison",0,1.17679684689357,0.276942369512152,2.06585937647095,0.40733479907863
"asb_scq Tolperison",0,1.13102169322807,NA,0.722010137990415,0.0658775610058064
"bioaccumulation_biof Tolperison",0,0.243876453259985,0.205730892733761,0.0298627298577558,0.0536764521440687
"bioaccumulation_asb Tolperison",0,0.0457751536655053,NA,1.34384923848053,0.412627545838256
"biof_btq Torasemid",0,0.137002512866908,0.0428576716127978,0.0858387828424551,0.0146107075549819
"biof_scq Torasemid",0,0.1891328294075,0.0260830346423906,0.130935483377321,0.0481771197355148
"asb_btq Torasemid",0,0.416226234003459,0.0549246668237333,0.279232286886871,0.125599721482958
"asb_scq Torasemid",0,0.300126559910525,0.0995830064986703,0.198208509305837,0.0433239603491019
"bioaccumulation_biof Torasemid",0,-0.052130316540592,0.050170755547695,-0.0450967005348661,0.0503438937833312
"bioaccumulation_asb Torasemid",0,0.116099674092934,0.113725521361796,0.0810237775810334,0.132861791260419
"biof_btq Tramadol",0,0.21817369491008,0.0481607272993293,0.278173082143556,0.0671751043076304
"biof_scq Tramadol",0,0.216306762992671,0.0296556024879883,0.200597940799595,0.0722839234121015
"asb_btq Tramadol",0.0644906387602308,0.574253006756265,0.118907999352694,0.860295869240311,0.0689928778146027
"asb_scq Tramadol",0.0272609339389461,0.408186799115057,0.107030297800336,0.302497405371021,0.0405699121513698
"bioaccumulation_biof Tramadol",0,0.00186693191740925,0.0565589109948728,0.0775751413439605,0.0986785702297494
"bioaccumulation_asb Tramadol",0.0372297048212847,0.166066207641208,0.159983114600538,0.55779846386929,0.0800370849113745
"biof_btq Trazodone",0,1.07635487430775,0.253783534940852,0.636584252847158,0.110545090433056
"biof_scq Trazodone",0,0.486004275639728,0.12543348273063,0.829457065454516,0.138746504019805
"asb_btq Trazodone",0.133793089421732,1.73750004224409,0.425679200595052,1.3464986361567,0.170593180458967
"asb_scq Trazodone",0.050931701709996,2.01350536373815,NA,1.78934735795122,0.586132373288846
"bioaccumulation_biof Trazodone",0,0.59035059866802,0.283089457940436,-0.192872812607357,0.17740013922365
"bioaccumulation_asb Trazodone",0.0828613877117358,-0.276005321494057,NA,-0.442848721794523,0.610453267856206
"biof_btq Trimipramin",0,2.36875245489747,0.166090341008113,2.15626677174453,0.140447780128721
"biof_scq Trimipramin",0,1.2438481412435,0.0662532557203265,1.02654123796331,0.0845338607278739
"asb_btq Trimipramin",0,3.69812278753874,0.138987394899331,3.51159857592688,0.209983229095806
"asb_scq Trimipramin",0,5.08167880089508,0.186916576932354,5.2949587766534,0.0339990879950906
"bioaccumulation_biof Trimipramin",0,1.12490431365397,0.178816932279173,1.12972553378123,0.163925448154474
"bioaccumulation_asb Trimipramin",0,-1.38355601335635,0.232927676914984,-1.78336020072652,0.212717875332562
"biof_btq Valaciclovir",0,0,0,0,0
"biof_scq Valaciclovir",0,0.0244629467948447,0.106375403485061,0.0224942259181868,0.0376590582367945
"asb_btq Valaciclovir",0,0,0,0,0
"asb_scq Valaciclovir",0,0.35455137732853,NA,0.0350441740248541,0.0728695506674373
"bioaccumulation_biof Valaciclovir",0,-0.0244629467948447,0.106375403485061,-0.0224942259181868,0.0376590582367945
"bioaccumulation_asb Valaciclovir",0,-0.35455137732853,NA,-0.0350441740248541,0.0728695506674373
"biof_btq Venlafaxin",0.000904945691491225,0.775888835797972,0.0699386224627464,0.808274920862265,0.0470492276085442
"biof_scq Venlafaxin",9.51378044306514e-05,0.581144890932425,0.0215930269474377,0.574856863529655,0.0381515996679212
"asb_btq Venlafaxin",0.017950924265942,0.697527221325518,0.0899515319317578,1.00209925182341,0.115334250302037
"asb_scq Venlafaxin",0.00732511933689191,0.462618026084978,0.136980192088548,0.423387666506972,0.00914093110069228
"bioaccumulation_biof Venlafaxin",0.000809807887060574,0.194743944865547,0.0731961045735314,0.23341805733261,0.0605737102692407
"bioaccumulation_asb Venlafaxin",0.0106258049290501,0.23490919524054,0.163874498081568,0.578711585316438,0.115695920040944
